{
  "hrv": 46.385928252818175,
  "steps": 1993.9887254826199,
  "resting_hr": 64.0,
  "active_energy": 531.539544
}